,WRIST_TO_THUMB_MCP,WRIST_TO_THUMB_IP,WRIST_TO_THUMB_TIP,WRIST_TO_INDEX_FINGER_PIP,WRIST_TO_INDEX_FINGER_DIP,WRIST_TO_INDEX_FINGER_TIP,WRIST_TO_MIDDLE_FINGER_PIP,WRIST_TO_MIDDLE_FINGER_DIP,WRIST_TO_MIDDLE_FINGER_TIP,WRIST_TO_RING_FINGER_PIP,WRIST_TO_RING_FINGER_DIP,WRIST_TO_RING_FINGER_TIP,WRIST_TO_PINKY_PIP,WRIST_TO_PINKY_DIP,WRIST_TO_PINKY_TIP,THUMB_MCP_TO_THUMB_TIP,INDEX_FINGER_MCP_TO_INDEX_FINGER_TIP,MIDDLE_FINGER_MCP_TO_MIDDLE_FINGER_TIP,RING_FINGER_MCP_TO_RING_FINGER_TIP,PINKY_MCP_TO_PINKY_TIP,THUMB_TIP_TO_INDEX_FINGER_MCP,THUMB_TIP_TO_INDEX_FINGER_PIP,THUMB_TIP_TO_INDEX_FINGER_DIP,THUMB_TIP_TO_INDEX_FINGER_TIP,THUMB_TIP_TO_MIDDLE_FINGER_MCP,THUMB_TIP_TO_MIDDLE_FINGER_PIP,THUMB_TIP_TO_MIDDLE_FINGER_DIP,THUMB_TIP_TO_MIDDLE_FINGER_TIP,THUMB_TIP_TO_RING_FINGER_MCP,THUMB_TIP_TO_RING_FINGER_PIP,THUMB_TIP_TO_RING_FINGER_DIP,THUMB_TIP_TO_RING_FINGER_TIP,THUMB_TIP_TO_PINKY_MCP,THUMB_TIP_TO_PINKY_PIP,THUMB_TIP_TO_PINKY_DIP,THUMB_TIP_TO_PINKY_TIP,Sign
0,0.1136905033406895,0.1603284834640375,0.1874404671752196,0.2009194344270245,0.1660347555661255,0.1411735940660015,0.1951499607306723,0.1433332360774459,0.1198435645084775,0.1851843415374571,0.1256942748812402,0.0986000267851677,0.1586696209773462,0.1153376892543085,0.0947608239577096,0.0990027829340471,0.0416242223656765,0.0375736294293762,0.0423046673681778,0.0402670466812809,0.0551681728580799,0.0212804085386232,0.0330654176716601,0.0542339658176263,0.0543169887075783,0.0166224836347962,0.0453925821460698,0.0679246291805048,0.067244328175536,0.0355208320519197,0.0633323316176214,0.0903510395622177,0.0943778887432768,0.0605269463931736,0.0805279023690474,0.1026270398657492,1
1,0.1232401646512064,0.1676174027304118,0.1835285559390574,0.2129624134735152,0.1969976269069458,0.1720481994059415,0.204573899819846,0.1572052053912973,0.1346148236920668,0.1846262327341965,0.1290006479815878,0.1076967668108797,0.1564533116867274,0.1153593707585425,0.0982294299572354,0.1016741217079712,0.049991217229798,0.0355917948877211,0.0373481419682335,0.0381215351682067,0.0721978794026221,0.061034421681532,0.0514783301035576,0.0469427494160032,0.0516257380874251,0.0262878711712514,0.035267338239153,0.0552579340166885,0.0515060603321947,0.0174802258496906,0.0548541705066898,0.076315241269476,0.0745958052407624,0.0505204514895742,0.0752157809723004,0.0917482663634916,1
2,0.1465948700782254,0.2054622534250022,0.2236998158944809,0.2369127074879354,0.1880818988449766,0.1671772305057229,0.2299760392029703,0.1640964025858023,0.1484409692155432,0.2086797866118744,0.1401965945325387,0.1271215682834972,0.1735036993234864,0.1283512462466016,0.120345638646822,0.1046749817960405,0.0601975774220464,0.0539128059952765,0.0600340840733991,0.0549677419314581,0.0608566837494693,0.02749056961675,0.0442451885152899,0.0598399431127927,0.0717045276110972,0.0251411833066427,0.059986001406605,0.0770438897203773,0.0927592625591313,0.0435796975962105,0.085196856202022,0.1045553416931598,0.1229345875273254,0.0794377229225766,0.1068248860549268,0.1244447542611429,1
3,0.1492735719384302,0.2067839821448266,0.2534484802621018,0.2637225038659618,0.2093456614688932,0.1745263386684133,0.2436544493312818,0.1765163499064957,0.1529296892806963,0.2156215116858265,0.1466752844780919,0.1269837248251824,0.1844836180430992,0.1350609351928806,0.1213689127608489,0.1212915304535731,0.0723705778504204,0.0673216175101966,0.0676855626884029,0.0597670551849363,0.0560825813744619,0.0149717128604558,0.0501516991779022,0.0868541151428414,0.076958310944541,0.0393264459747243,0.0798237245149637,0.1023226506564797,0.1079582584163834,0.0770654644210333,0.1149620996157308,0.1346605254926729,0.1458174863580204,0.1172510914130315,0.1396377103980064,0.155049096516652,1
4,0.1089258934682901,0.1512425303609481,0.1810883692065215,0.2032651234115345,0.1652587343900168,0.1351757061075899,0.188944980435411,0.1380579884733197,0.1128014748432851,0.164084537610199,0.1103586436740956,0.0891977351008519,0.1420445915531634,0.1031016560298297,0.088056653140426,0.0894859886728704,0.0497500007164289,0.0478728684166079,0.0490569850450645,0.0417247659157833,0.0382391259831056,0.0279483311327139,0.0223109529999079,0.0535860752774794,0.0561557962009655,0.0429877379243517,0.0517882218344313,0.0726484000068672,0.0826130948744807,0.0663886853099564,0.0856378250078999,0.1022733154475345,0.1148536936715089,0.0963447589080577,0.1069943117231827,0.1180198119108227,1
5,0.187910951885106,0.2667621729892728,0.3302271307297489,0.3399179644473418,0.2658473520814207,0.2218059596531714,0.3233547574527173,0.2326109098232772,0.2019468945149067,0.2987184415511085,0.2034180771240275,0.177516343023039,0.2518920780199699,0.1845412469153576,0.1665086135800018,0.1658774280384056,0.0848033661368568,0.0722472960880592,0.0701267523215881,0.0677476131408153,0.0814602447295996,0.0158355222418861,0.0713570942439358,0.1164728948738228,0.1023186222815151,0.049157236893337,0.1007748292608817,0.1309880220511639,0.142395433426401,0.097083162186108,0.1394150983102433,0.1674092540692113,0.1945988909244888,0.151485255071487,0.1790838745063965,0.2020381732042472,1
6,0.1838264356261533,0.256860525000443,0.3010352033649388,0.3432425604142766,0.2757397985290896,0.2293915237955319,0.317795898823785,0.2291997638865198,0.1954941416252154,0.2855479711149136,0.1939811866303721,0.1658444125742319,0.2415112527661442,0.1773102615226435,0.1594076188546684,0.1459204229287232,0.0801050585861365,0.0760369822894474,0.077295490624208,0.0711778306219283,0.0693296781867679,0.0559968806681581,0.0286917335892163,0.0768731997881395,0.0973228727329357,0.0719170581492309,0.0810732002674256,0.1125325385800286,0.1372621611427719,0.1059701354682274,0.129732811670927,0.1579548408138374,0.187707354550459,0.1517306604618397,0.1673988725172722,0.186993292457915,1
7,0.1633295151042449,0.2332611271664282,0.2810921864052535,0.313407181448885,0.2548210303828597,0.2087497200708933,0.2899399919174885,0.2046511416503093,0.1701880396671083,0.2583024445404863,0.1700921266587068,0.1428103685789438,0.2310406664823371,0.1677646616557041,0.1482660038126047,0.1437171014795493,0.0738424405068977,0.0733231953199427,0.0709689158660302,0.0566609448216283,0.0608092120305945,0.0323556101244848,0.0435071667058182,0.0888817173008035,0.0770225266733139,0.0457153469223668,0.0845378608201953,0.1147928955867872,0.1153467051471723,0.0897033922977653,0.1271697059033969,0.1480667895616489,0.163609785108336,0.1362334650986211,0.1546893045551923,0.1695799722918163,1
8,0.1896612146713361,0.2528905887700443,0.2858151451487356,0.3543388232982478,0.2839091723717868,0.2310570875981371,0.3347296027544808,0.2392619536150942,0.1976971744644528,0.3045590545395583,0.2077416481632511,0.1699881756899569,0.2752402539595463,0.205884220431091,0.1746076329199474,0.1491049100929972,0.0816522534422793,0.0724147540304451,0.06613652801298,0.0521653950423047,0.0690915136295564,0.072565332415334,0.0439511012285499,0.0861356225955986,0.0562134212505921,0.0581497021186939,0.0534998893015518,0.0930735569456234,0.085897202375284,0.0788584121237783,0.0948826471071931,0.120527128926878,0.1338036556374726,0.1207471654996548,0.1303641843310832,0.1447758235347594,1
9,0.1914251586209025,0.2663791765051744,0.2831761947615966,0.30499697990942,0.2383835907177813,0.2141950486271833,0.2869828545580019,0.2031292555407714,0.1895990891030037,0.2704547503299545,0.1826489364298628,0.1679279916422795,0.2355345936583368,0.1759343025627102,0.1629644134236226,0.1287397368653459,0.0698027185682159,0.059587033737069,0.0602672813483974,0.0539333212585552,0.0697566860593608,0.0373302720899874,0.0604029447085149,0.0762040494688882,0.0760027630151645,0.0206496650949075,0.0810170868613747,0.0947926924256646,0.1018725131808786,0.0518945951154178,0.1032798996844824,0.1257806853398136,0.1460509279635296,0.0972456905889017,0.1261191409271763,0.1488310582864656,1
10,0.2314698924763271,0.3148960676858479,0.338874322215598,0.3571988269264998,0.2823163330838805,0.2507578767463915,0.3402152115782816,0.2480264962174212,0.2251789673378818,0.3213943891184532,0.2263218618574968,0.2027808228033385,0.2802371232216657,0.2232272304368926,0.2057529706500949,0.1454609041626776,0.0699243566197466,0.0543733552331442,0.0521562966968524,0.0479107096444819,0.0930987638279178,0.036670977402048,0.0761084978619058,0.0956093664652984,0.0992628014113264,0.0174441801723775,0.0929905358797661,0.1143248438902684,0.125086934283025,0.0554360565536985,0.114977902453741,0.1465971837701339,0.1704916476675329,0.1066018222334157,0.1340396736653875,0.1644608894976882,1
11,0.2126046728540452,0.2996817421936974,0.3216284020278263,0.340732926328761,0.2725801323963053,0.2371989645294909,0.3240494517500811,0.2301865227842558,0.2043455676989918,0.3027740717693781,0.2016337892741874,0.1748171686948405,0.2568806564119409,0.1872066026729974,0.1665123547387705,0.1499989448248926,0.0668880207798577,0.0581752257944582,0.0612135577781532,0.0590619457156525,0.0811178734239712,0.0350428651150307,0.0717686584310635,0.0964461890850377,0.0886987199529031,0.0145723153165594,0.0943166350581135,0.1175653625463113,0.122966410566775,0.0614014257982095,0.1230645967116594,0.1539399630871182,0.1755073131080522,0.1157757674038631,0.1527187136969101,0.1819424997482575,1
12,0.1128638243924146,0.1609614346308784,0.1862819990790797,0.1875371096427163,0.1623078475513516,0.14640107989602,0.2004837838038289,0.1370414435835498,0.1110339716716355,0.1950640130932237,0.12126427536921,0.0970058305538754,0.1650612243775879,0.1122987865689961,0.0977367142873109,0.111909388625325,0.0558276280375608,0.0559730988230476,0.0557096857162088,0.0571168558106928,0.0628285951029918,0.0278653536303419,0.0518119706114709,0.0594609903363271,0.0576396238208363,0.0252567053952765,0.0542143813717803,0.0761644299940753,0.0819675634852464,0.0584480112855995,0.0750984413364037,0.0985572084061302,0.1229417392329013,0.0928327981556523,0.1054483102378392,0.125597615726082,1
13,0.2195337975619481,0.2995987659008191,0.3247710792774815,0.3651942319317028,0.2896138907024521,0.2569342048969628,0.3341114038376674,0.2446662779579635,0.2243605741292681,0.3087793438226481,0.2138151339572785,0.190799997365385,0.2560471011889351,0.194116046979054,0.178010563096847,0.1326969548901894,0.0821838760794481,0.0710976559119254,0.069601455383827,0.0609706451029329,0.0752499670853413,0.0496007288942176,0.0452578079491863,0.0720360139584701,0.0899030173034718,0.0314598547925482,0.0802536192009259,0.1014559584923097,0.123754859990223,0.0623680066537434,0.1153645339199462,0.1448963081150108,0.1736798036942458,0.1125894155695029,0.1474507967413014,0.174108537819845,1
14,0.2376448227333637,0.3163336657751595,0.3225198105181676,0.3720925040644081,0.3010879996632185,0.2751396078228632,0.3351162232667716,0.2471639262650021,0.2269341257792713,0.3008562839317068,0.2122983874673787,0.191343363285151,0.2453424840249037,0.1902900059240202,0.1749875329197266,0.116056191798602,0.0968180506259453,0.0943553712895072,0.093539638249708,0.0754836791909674,0.0888785136702898,0.0630735357922487,0.0349276205804208,0.0486708573883641,0.112133041322586,0.0304989585466861,0.0756122059038539,0.0991068734201626,0.1445853649006318,0.0539580329946228,0.1121245459683561,0.1424028891153828,0.1876252319638031,0.1110009029569787,0.1465192417371724,0.1740156326080913,1
15,0.2280677977307485,0.3082154342126147,0.316900209264263,0.3773843998533486,0.3043340822746972,0.2839527682746759,0.339603367226531,0.2530115185151692,0.2312336932710605,0.2937939234170585,0.2088383004958945,0.1851337796774826,0.2272113963733019,0.178036498896444,0.1621099169341879,0.1043560019879465,0.1186093779194913,0.1162038802048032,0.1129552686736244,0.0887465567518912,0.136211732199643,0.0858525897566424,0.0183520895565139,0.0452334742050228,0.1613174116325881,0.055920548580533,0.0656021836329574,0.0994677238881535,0.1812691759999626,0.0619466234155865,0.1114258362923111,0.1488945897707381,0.2045763085855557,0.1195524567013488,0.1543663221427346,0.1849152748980116,1
16,0.2161258528642337,0.2966022943855484,0.2888978741900232,0.3582889384230089,0.2802231579351494,0.2524732781879684,0.331099700835132,0.2374588113014544,0.2228286658796841,0.2950414132523909,0.2020421185212957,0.1900347965982455,0.2496339663295271,0.1880944168051796,0.1787136382510314,0.1183275736122626,0.067968522374713,0.0508131976957765,0.0537951686564318,0.0531044838132336,0.0652117886038092,0.080562365787406,0.0493089919213782,0.0560634424742718,0.0567188191710302,0.0452323145704654,0.0545474858789036,0.0688128011650752,0.0823340225178562,0.0438981950066788,0.0892284038693283,0.1098382019793929,0.1314746406216629,0.0892886956261394,0.1191126170933501,0.139187427668304,1
17,0.1897346511019063,0.2633539873604062,0.268265935322366,0.3191698811769868,0.2464950516159084,0.2182302063490795,0.2951505586011768,0.209037123103442,0.1957984335109857,0.2708321241391085,0.1815673073093643,0.1667843216202649,0.2253265433370796,0.1660081269829147,0.1566258782693857,0.126596379440946,0.0701690069331154,0.0477008524867824,0.0466139759562071,0.0496872555489132,0.0720559066163574,0.066054255294175,0.0540760461817981,0.070274460750352,0.0619913015512038,0.0311735569118014,0.0623015357763325,0.0744746478982093,0.0820355723233532,0.041528977349154,0.0888272423471223,0.108830524624093,0.1226282019381892,0.0877635578044869,0.1188444417091315,0.135323506510844,1
18,0.2222662372262956,0.2973419450771174,0.2966532823039701,0.343685769568849,0.2772374181333563,0.2556761005819098,0.310619563893215,0.2285687076750192,0.217677857602935,0.2730069200641449,0.1882485110579322,0.1763180658823696,0.2196218673584588,0.1649924713953384,0.1576154990248441,0.1109964718224908,0.0710000666933035,0.0625410424662009,0.0688736854067209,0.0635181769360823,0.0640035812592345,0.0574891151128634,0.0411662665146802,0.0473545221046812,0.0815226136015784,0.0274427153112972,0.0686229895426728,0.081428302641437,0.1188490949930024,0.0593530890379387,0.112043981296536,0.1323573501179516,0.1699880499351913,0.1190344770567662,0.1510593514492908,0.1699658530555654,1
19,0.2176509897444851,0.28837371270954,0.2756795634736233,0.3322153690985704,0.2707997621437411,0.2542697896364361,0.2990233125052814,0.2204717529378371,0.2052915421522664,0.2603267234118674,0.1810802279649697,0.1651450887912827,0.2056008701118234,0.1579977742964139,0.1493950675191224,0.0868557911802313,0.0973035910090448,0.0992997260207988,0.1000762749441828,0.0794098858189272,0.0941172526553838,0.0676298827935156,0.0159478247021359,0.0225982318082162,0.1169391750256351,0.0411776526644882,0.0553596022830115,0.0771366424646296,0.1419314719853771,0.0552584662907549,0.0978880450026336,0.1242481223564721,0.1750683252885216,0.1098897623043373,0.1362212821372059,0.1558059384370904,1
20,0.2060764898035106,0.2807860148215076,0.2781387908573122,0.3270821142218973,0.2625074013645259,0.2379655272741709,0.2962507294659206,0.216029634316952,0.2020270382497032,0.2649825488144893,0.1825332275386979,0.1650721937256476,0.2199497502420009,0.1656477076471622,0.1509208452283807,0.112503464854042,0.0606217781558896,0.04849187825813,0.0521333534972744,0.048197952287491,0.0632196157657997,0.0597697272668113,0.0449404208277804,0.0545550464670641,0.0680131893234457,0.027384351226755,0.0637120376307613,0.077906887289124,0.1000916833669993,0.0523151964621116,0.0984017078637582,0.1218243962858048,0.1518167973043377,0.1048422828731544,0.1313155397921476,0.1537337119691187,1
21,0.1922139011121872,0.264267700744077,0.2735895933653159,0.3148162895605456,0.2442683966352898,0.2178666471484254,0.2871161296795864,0.2035532985209306,0.1879297456966648,0.2646784190747692,0.1796761794176709,0.1624140652776596,0.2245853439866475,0.168964457401571,0.155519399725071,0.1138454655198008,0.0679510571306858,0.0551630319377523,0.0530454207129072,0.0471269038357014,0.0564513829384792,0.048495881955877,0.0496340568882346,0.0659987409196805,0.0645369081101486,0.0190594209095924,0.071361818577017,0.0859243263302577,0.0960927259881382,0.049194382038352,0.0974255267221833,0.1209158432387459,0.1440918823081899,0.096206784619677,0.1235201673059878,0.1458603274988426,1
22,0.211811301345098,0.2844638785523279,0.2864345590136036,0.3314980461907244,0.2628177542956545,0.2403298407067354,0.295410360047976,0.2133528639086118,0.1981278881608971,0.2605814849728394,0.1778223388271344,0.163466781580658,0.2099210729275985,0.1568057490419557,0.1494813254778546,0.1084598643208513,0.0803984235988958,0.0820251108104913,0.0850512029393081,0.0713784447563743,0.0619708132952385,0.0536538780360092,0.0374735389797886,0.0503641558851262,0.0838681644818764,0.0266100395782,0.0732380900206955,0.0905168589922624,0.1170906663623332,0.0565947252858663,0.1119840419083648,0.1343647022892905,0.1610876095855093,0.1095780931201828,0.1446875149454943,0.1627625245032031,1
23,0.1850508871327887,0.2540033191410102,0.2640641961217006,0.3184540730049646,0.252246853312713,0.2273541912947424,0.2844416011102882,0.2015368685393444,0.1808790549367294,0.2499694382913575,0.1673565683941396,0.1472994413805678,0.2024866593013947,0.1529736722046905,0.1393786814445004,0.0961292428814161,0.1019466861526823,0.1035352016734771,0.1037879283470374,0.0815160132424997,0.1005679923223655,0.0677416213112171,0.0163755723397742,0.0390091719883413,0.1216069506862392,0.0377016936650006,0.062550849593122,0.0893572899955354,0.1414703691636782,0.0455148482075986,0.0985638384012119,0.1288510544652252,0.1658242781647332,0.0937114389580301,0.1267197991162497,0.1519260836731908,1
24,0.2199743759838886,0.3028767185381199,0.3755566469281712,0.3808607151688606,0.2868492579172098,0.2190706528230589,0.404101050740564,0.2819843599151841,0.2201753681053834,0.3804022153048681,0.2629200412731194,0.2138844470191893,0.3162901149467756,0.2399312415180217,0.2089807209873496,0.1804641611218202,0.1753321884290276,0.1275042802189743,0.0857780418012681,0.0651055036167516,0.1045811181725855,0.0831971748994563,0.1334111378224936,0.1968957431591708,0.0867809205478652,0.0364895918211153,0.0995615311710265,0.1576996691213113,0.1163553434896922,0.0658961757505999,0.121247848604661,0.1709392783589368,0.1764622157065381,0.1414369514978503,0.1724823007443358,0.1957713219864675,1
25,0.2144781117570619,0.2998073265360108,0.3727365305392953,0.380841690082773,0.2909420747759649,0.2233236823889268,0.3939272972368714,0.2739946270536731,0.2098239657248262,0.3739865173707751,0.2557113429953271,0.2040866786359697,0.3165879841304084,0.2379619862894909,0.2043955708540326,0.1799409052869033,0.1793726011541941,0.1376465014633464,0.0913319031936049,0.0664786480061209,0.0858028557697728,0.0770417271048627,0.1368488211515048,0.2038813767768727,0.0733178244520659,0.0215610400992731,0.10936475691096,0.1699756139216215,0.1161141982680082,0.0726223688539167,0.1269570620368376,0.1752736149392205,0.181930140825875,0.1438392484832737,0.1731178819705114,0.1969821067919957,1
26,0.1697360551531812,0.2208687506311071,0.2658037145040297,0.3033305402424465,0.2492189914704471,0.1993065760310464,0.3140911682453037,0.2482856618169681,0.1903378300410547,0.2905559558739679,0.216144276197394,0.1573771971986213,0.2455766796307513,0.1926496742712361,0.1480183854194609,0.123671275992121,0.0872537490759839,0.0725620051055283,0.0689964691024114,0.0595655597628791,0.0803566968933583,0.0793994279088787,0.0793104206578578,0.1108950173084997,0.0532254580298241,0.0551492435875289,0.0459979034049955,0.0928997054912372,0.0625181839834427,0.0339829177525536,0.053088278067603,0.1101514364288165,0.1078276031134296,0.0648425205062309,0.0854497854179803,0.1235725110338174,1
27,0.1292847865476225,0.1767527597692212,0.2138184327811262,0.2483271203879193,0.195068360534365,0.1538638004161586,0.2567683040748789,0.1878206188560023,0.1455740678062206,0.2366918331523866,0.1681728207326617,0.1299669603589211,0.1964830396832015,0.1527266290613761,0.1278404427869726,0.1017939406236105,0.0812713305581151,0.0612504279869591,0.0453798997491079,0.0324779125768541,0.0485662353166948,0.0452381779440989,0.044609756977403,0.0837970629323049,0.0380962401082038,0.0453181410172166,0.0312374680330775,0.0723686643282883,0.0652428470148437,0.0590890052263152,0.0634987461729412,0.0917470122686141,0.1077554100525838,0.0909526018745093,0.0982947780190884,0.1104563263845638,1
28,0.0381761155893829,0.0531355147787687,0.0667603857172871,0.0634858572060523,0.0800107533283342,0.0904563020750169,0.0604695563744714,0.076158847691361,0.0860346889006051,0.0571845815870422,0.0686746295116821,0.0767209644025802,0.0530468070504237,0.0617366016949359,0.0689912052018812,0.037498851590455,0.061729784577697,0.0633811368834557,0.0569042016326452,0.0460022368693104,0.0433957434282766,0.0193355339020404,0.0177956263284884,0.0249221878567436,0.0428488225837494,0.0127786373825826,0.0112395175903267,0.0213654831152082,0.0427287510730387,0.0140392029862747,0.008266485001393,0.017419599560366,0.0432846504724682,0.0250328253371569,0.0201418157090799,0.0226758418422735,1
29,0.190744644396524,0.2516613118398507,0.3019501554557111,0.3215893232193141,0.2522261950295333,0.1948164615464847,0.3368463150269885,0.245004964379926,0.1809432875399282,0.3188179428633376,0.2239205260414389,0.1614259974482644,0.2639635256914666,0.2024603222527315,0.1606171767992525,0.1523160587125555,0.1144764794555187,0.093294374299074,0.067596125163937,0.0441696202940567,0.0953828260945329,0.0614829564783255,0.0823071543094707,0.1413050567174505,0.0711501112050539,0.0355003303170044,0.0640456299290588,0.1298722059786645,0.0938404151367028,0.0643800108421994,0.0968279486022863,0.1462601635144121,0.143459079097548,0.115422647535118,0.1409846008530336,0.1641755876814779,1
30,0.1818409165288103,0.2439816832683069,0.2882140861131636,0.317323076700248,0.2449815888226881,0.1868712955693414,0.3318489510775884,0.2390875350184378,0.1765922990308661,0.302432929415628,0.2108067438475701,0.1557814285513405,0.255336071541386,0.1968752404469191,0.1618220999558903,0.1497021763612951,0.1128133113739747,0.0895210923169281,0.0693755014965106,0.0439468630800402,0.0940082832162704,0.0752531669126767,0.086616470374966,0.1397308791114505,0.0605222440797347,0.0450675357612399,0.0585863806843433,0.1206781685757133,0.079797618298788,0.0529708652928367,0.0903004923609426,0.1362296675634044,0.1305885998342258,0.1052019211147763,0.1280090061231534,0.1474826007344214,1
31,0.1783304215312488,0.2289142858181937,0.2760563824103633,0.321483630828728,0.253658934687417,0.206565676707589,0.333844308391063,0.2455989851827308,0.1960803085763443,0.3023681810841929,0.2068470443451482,0.1693043990701824,0.2467648580531254,0.1816008648122796,0.1633362829449166,0.1257648169382895,0.1295207407100774,0.1154602768291764,0.1038226016015739,0.0860406391787625,0.0577402600809782,0.0776605076481169,0.0956905866981402,0.122125387146938,0.0462103415368459,0.0621759355530972,0.0691481676069201,0.0952563469593118,0.0752537599356857,0.0394343726728902,0.0736444769556507,0.1071984271780368,0.1261018856627482,0.0775467140542613,0.1078480675657147,0.1303969161246171,1
32,0.1330357187184424,0.1809782820833504,0.2296327441679609,0.2400241884242165,0.1978290089412792,0.1555482329143401,0.2574473354810313,0.197338905369591,0.1493051218781148,0.2529714066030383,0.1820415855966334,0.1323836550491015,0.2265942529750062,0.1761657981996761,0.1422606033494583,0.1440959123002638,0.0785540297881309,0.0583173842015903,0.0522384350318416,0.0459246568742786,0.1099115677771234,0.0958317315487197,0.100584712126489,0.1269311331720078,0.0633619480718287,0.0443501421980129,0.0543044805946012,0.094130999420289,0.0560314815382081,0.0380807075759628,0.0551267967525092,0.0989595210447034,0.0939280386509708,0.0756367233066585,0.0852940888887018,0.1054649894007252,1
33,0.1455977910727538,0.1994500870428425,0.2491644160899729,0.2680087236893179,0.2180659492258543,0.1701582037169498,0.2799792291058239,0.2128395732860502,0.1644746825253024,0.2607168798487598,0.1854326014550744,0.1402093171044336,0.2200101728522876,0.1701003434153949,0.1442938948481123,0.1313774043764607,0.0850893971134407,0.0666925252718854,0.0578968615179576,0.0419200346386388,0.0937155429692493,0.0805776754545191,0.0880406811182405,0.1238915179687165,0.0597001590446176,0.045502851853079,0.0585391380565864,0.0995413486312359,0.0608048535229687,0.0232060300773666,0.067129641328689,0.1099857104664726,0.0961170625819775,0.0645944656920036,0.0926949503207982,0.1135565256933546,1
34,0.1440419341866708,0.1654849196493113,0.1892651961414464,0.2458674222285177,0.1985951611387087,0.1593396935041014,0.242271920748072,0.1833292294527846,0.1422483060428682,0.2070977870202228,0.1452081966224579,0.1143458253579788,0.1723560738412566,0.1312152794954613,0.1159106260632073,0.0986636559646106,0.0881134552745218,0.0652208483640876,0.0492386951532517,0.0384775912423894,0.0866649959130328,0.1081025484908962,0.1003505191535727,0.1073724219913851,0.0440107007914488,0.0721034076461811,0.0628368946249812,0.073685722834795,0.038421279116298,0.0228934978388615,0.0469622593570058,0.0749799711766802,0.0913374134444646,0.0656442388034343,0.0787154584342575,0.0938069999333697,1
35,0.1301369302074758,0.1617938748387631,0.1844560621441009,0.2071607650405541,0.1628860082530945,0.1350189484136776,0.1999930246280485,0.1416440213877206,0.1101386984228569,0.1855287594564076,0.130963699298453,0.0999609947739829,0.1694669078493226,0.131778749086844,0.107198431497236,0.0770894453201719,0.1021051761721918,0.07723839671371,0.0510072098574782,0.034573590609643,0.0517254712857986,0.0304084235271747,0.0314764573245355,0.0745517969009851,0.0658547793447843,0.0650096725588977,0.0667679230074374,0.0867098861465392,0.106940919685369,0.1154051703722933,0.1180440272347258,0.1222361085686893,0.1514639164875028,0.1598610227402741,0.1589261880252614,0.1530324395387469,1
36,0.1013171505749569,0.1333749908560086,0.1562142704292133,0.1726799006084177,0.1384146411975106,0.1375287092540581,0.1474797694410549,0.0987460865057521,0.09686738547888,0.1289130215416196,0.0758133814912351,0.07222425531096,0.1230130639590909,0.0852618115525516,0.0827986441090687,0.0788528107849864,0.1638203933081027,0.1559283587771533,0.1369807715425129,0.1097273031599407,0.0931228480166347,0.0522616954798877,0.0730745463477387,0.0844815344113371,0.0953379843154269,0.0164239712169625,0.0679909301397434,0.070275373203788,0.0915888675114797,0.0540716902220483,0.0911488274887197,0.0887846461300394,0.0981967044033784,0.0935397619928867,0.1118867209424686,0.1051866697594633,1
37,0.119208783285409,0.154774031771211,0.1915016078152831,0.2039450384611725,0.1652777652074363,0.1285404022251874,0.2199647549722283,0.1676910348625108,0.1282961709591912,0.2103138541008635,0.1505897728659543,0.1147050538786062,0.1807012318266694,0.1383100777751557,0.114384666304111,0.1012308301378654,0.0634231944661231,0.0498951844646936,0.0424100037990809,0.0392168035669162,0.0725155478912065,0.0689214330858629,0.0827265674348326,0.1037074340294,0.0455418112753799,0.0436384362964447,0.0538458855194562,0.07777043818456,0.042398191130243,0.0220599657931179,0.0449873395066053,0.0773485306286264,0.0703791204173822,0.0367802150348329,0.0583760999803025,0.0821383672247513,1
38,0.1015561281349397,0.1359881157256826,0.1738034807978949,0.1772541169055692,0.1476080979296329,0.117181396995656,0.1933357462210276,0.1505851545832505,0.114080755476565,0.1919168084427683,0.1400541517720199,0.105228665869097,0.1788294933033873,0.1396568909671533,0.1146280943289879,0.1014389015712536,0.0638463668681291,0.055099984245914,0.0470154429054146,0.0432085278807262,0.0644850360705715,0.0586438532022662,0.0778903344632517,0.0973088746754023,0.0401247657608135,0.0290323508255817,0.0485558798699291,0.0749452335459266,0.0432960676001233,0.0263597702948934,0.0385050713760138,0.0697798416819655,0.075818530322924,0.0478776661385069,0.0494150414427696,0.0725492597547123,1
39,0.1129082313089841,0.1520273425714173,0.1885883314345211,0.2027384052052002,0.1670110845698328,0.1300746982556405,0.2121970184068974,0.1639596139247882,0.1238500239194668,0.2021236358812242,0.1450486387948084,0.1057585965676239,0.1761558400067371,0.1367728158975741,0.1092785935944433,0.0987594677064507,0.0563574940034316,0.0455488530294607,0.0425453261733332,0.0335816710363474,0.0693508287785308,0.0613431264499507,0.0698522871794531,0.0943007322303585,0.0463967373841825,0.0372448014463204,0.0467086240050858,0.0772390090184301,0.0471971536978075,0.0200131055558489,0.0466218018981886,0.0835758658702785,0.0748072501505684,0.0443385551659945,0.0621167515607182,0.0858117336026679,1
4,0.1321991082285178,0.1855865809915193,0.2307456779448861,0.2609779800109978,0.2981295780838901,0.3272562600285413,0.2707814614743771,0.3104594842226281,0.3341879457165765,0.268435938460454,0.3104836778435613,0.3358281951594626,0.2424463550263404,0.2795933074458157,0.3067564051762768,0.0994121791314801,0.140940882777726,0.1488579618614672,0.1549196837954968,0.1350413017009812,0.1225361467013879,0.1295515032638551,0.1388100339518403,0.1497903032765202,0.1371730549822518,0.1515127104419638,0.1609832799376659,0.1639651599453609,0.151006548963271,0.1685769891227114,0.177157898214326,0.1797761542665635,0.16684448438795,0.1752155797003032,0.1786691706167455,0.179883143774825,0
261,0.088018176088327,0.1223615233830295,0.1520429503776889,0.2093191764782308,0.2360196795018516,0.2467802528400488,0.2190187082255518,0.2443970700640639,0.2508332718503622,0.2147797737418132,0.2439795874227873,0.2557983837729862,0.1956026328909892,0.2254610986630109,0.2433553718824821,0.0656598633164091,0.1174402502921062,0.1193428260245301,0.1222354459231041,0.1075930229507406,0.1079816553842682,0.1291390160894215,0.1333007790502125,0.1293317232933706,0.1104954334727019,0.1357267202446412,0.1395727313103517,0.1325845927733961,0.1013444151791698,0.1263995473944478,0.1355212370352342,0.1353833705758195,0.0831150582019622,0.1001474059412657,0.1139139519505157,0.1222465655357096,0
6,0.1151642321991067,0.1622967107116358,0.2028226156611505,0.225035929093996,0.2513149965864368,0.2673370004865764,0.2336258197695891,0.2571510532464998,0.2652421914072955,0.2227989480833025,0.2467465557207513,0.2550227281922202,0.1824134376893109,0.2083037733343976,0.225276738302868,0.0908331792091284,0.1247704412812826,0.1325543667633267,0.127708556376877,0.111496312876761,0.1694992929840716,0.1773919591491373,0.1679285658303769,0.1528410182536486,0.1781369992908556,0.1855672397192121,0.171875584273029,0.1497131053608508,0.1824395563098183,0.1934861993017151,0.1790706586451519,0.1561099057480723,0.181604623236645,0.1726747441415449,0.1619362452017359,0.149120852193387,0
263,0.1053024503536827,0.1381148311077671,0.1698774971805155,0.2264141523335755,0.2490899481352119,0.2597425994387501,0.2368912302690263,0.2603113055526049,0.2627738540122175,0.2293984757945961,0.2569165032474668,0.2675217363496545,0.2088380660533922,0.2371204489062162,0.2542473764062559,0.0697067997665517,0.1080801395965913,0.1151676896863548,0.1228748956027358,0.1117742668079498,0.1153317017980398,0.135669234815717,0.1361416697760489,0.131837366256414,0.1239111037726623,0.1514012951118151,0.1515355992885083,0.1389811777239591,0.1277225016241198,0.1508328857381361,0.1524638051672505,0.1473078020111983,0.1270840238798087,0.1382563773222038,0.1429241036727211,0.1444261179952487,0
137,0.1274468043299061,0.1646800120979406,0.2018374394012946,0.2594230192114714,0.2896793622662729,0.3099782720308162,0.2718810558884903,0.2984396883014865,0.3046754272577311,0.2633745964666574,0.2925950986620335,0.3040654919456919,0.2329483180661206,0.2659719855247975,0.2897392889152991,0.0796926073671203,0.1279108679500765,0.1315540961123177,0.1376528997526453,0.1261119151500573,0.1081638902282799,0.1428809103333105,0.1535714382473881,0.1584538393519291,0.1188318301738267,0.1575258567773049,0.1588842211680536,0.1469882560564987,0.1278333145840563,0.1600563245031644,0.1598865050566801,0.1519272073278137,0.1369612724889495,0.1526877999947084,0.1581265723586012,0.1629323504657762,0
12,0.1069677385737364,0.1468233032889434,0.1832260664307583,0.2451060756824856,0.2706949478114914,0.2703067127858038,0.2654056440851344,0.2806026161894185,0.2642604651487054,0.2590909660869656,0.2723154072834779,0.2555197790634734,0.2214904904260822,0.2453251523719966,0.2471889151668701,0.0787647497763879,0.1111947099895337,0.1060953352954748,0.0976711575202204,0.0973875912662286,0.1472511633432111,0.1925399350330714,0.1920632444173115,0.1734679224517983,0.1600407395467559,0.2216352029404979,0.2100004413927022,0.1746225827876778,0.1671262872817079,0.2244465160525785,0.2098317652653938,0.175280334739079,0.1696459702744104,0.1958558110935869,0.1929489610731936,0.1763378566403293,0
141,0.0614539272816404,0.082418545073795,0.0992614016717934,0.1232992017580645,0.1399671520245778,0.1476509419421933,0.1286321819789206,0.140417943947255,0.1411452568625827,0.1176456006107176,0.1254874672729669,0.1250858913321225,0.0962330235439032,0.106152715508466,0.1103925759334903,0.0390143242666833,0.068214786353681,0.0650277655261323,0.0557175172302462,0.0494903406902655,0.0700964164078831,0.0852165707408625,0.085418061347809,0.0807640266124434,0.0789293937337401,0.1023805908009175,0.0940608394796249,0.0788970674009572,0.0852991028469912,0.1037231931862287,0.0915284713930275,0.0752784513467794,0.0894902431907476,0.0954080300551709,0.0879865268567203,0.0783906724581641,0
16,0.1291682265607204,0.1748800965238758,0.2187232265462401,0.2632578136828025,0.2958772635017695,0.3156976336206765,0.2740708750038009,0.3037773525277077,0.3147520354088663,0.2662136983230002,0.2912326849336627,0.2980088265532948,0.226805809542877,0.2548176904683251,0.2713641246362857,0.092381598110894,0.1357974778063187,0.1429139765329505,0.1320483151826825,0.1170729718065227,0.1488258747739231,0.1741487566204614,0.1784147876600303,0.1751142945290583,0.162277411095451,0.1954948147123655,0.1901347453137962,0.1728883556882183,0.173319577049974,0.2058388366892962,0.1956067447217698,0.1747671568489879,0.1828614659205936,0.1887654796620941,0.1826316701431642,0.1731290645266711,0
410,0.1110888564893254,0.1440647343419636,0.1713042561558231,0.2660461992668464,0.3406052263224761,0.3975393768826123,0.1715579613944442,0.1638868797931865,0.1742537542341562,0.1493973444449753,0.1360832216680597,0.1314048918388251,0.1506489034129732,0.1361871707899279,0.1248700590484667,0.0844300604618398,0.2351967224446258,0.2254326649215957,0.2039401353547549,0.1590088490579718,0.1771705626940651,0.2523342525169208,0.321694509197544,0.3782255467266328,0.205984544482492,0.1281370077885467,0.0491086562409716,0.0406749136247834,0.2112392256644554,0.1126814758038556,0.0705075317438816,0.0713075966670838,0.2094713126537918,0.1426260414421258,0.1058573126856045,0.092451192910306,0
413,0.1480403677946167,0.1643700489739324,0.1840101707877026,0.4360175005525232,0.5251877615935844,0.5941428985249171,0.3015688815969023,0.2351966182279433,0.1904418117500933,0.2657032769075929,0.2056450484901986,0.1597167791736692,0.2400788138249643,0.1999416234586242,0.1557450398175048,0.1156388368096074,0.2950381261874646,0.1648510589867559,0.1279503802544133,0.0715316991792602,0.201715488365711,0.3123083258826859,0.3931895803893017,0.4583996078787495,0.16483666495261,0.1511368772501463,0.0603454843794302,0.0167516097365291,0.1248356233799657,0.1062971681460866,0.0392333443849385,0.031908171311231,0.0937766489835312,0.0936042161142883,0.0678767230859095,0.0633416263791011,0
289,0.1223672497619021,0.1579096887868277,0.1847188633475744,0.2303947275940985,0.2193976553548928,0.190448138458083,0.2338443912768321,0.2166848133094289,0.1862289456992494,0.2295187775854405,0.2126391593963532,0.1816252142799952,0.2139126268669164,0.2030519907588948,0.1731927509100529,0.0657465974822815,0.0964690988523083,0.0997873192188539,0.0902142076747521,0.0631830484475558,0.1079982069862876,0.0950566011753034,0.0581404333274549,0.0242155237680959,0.1067878145261214,0.0916996814254316,0.0492092124268899,0.0223687712179099,0.0965886938610814,0.0843099102075267,0.0465522241823272,0.0267939235119729,0.0803064136806136,0.0662171894179386,0.0441797787576788,0.0352250612300113,0
34,0.1161151632426012,0.1585579554224543,0.19303371756505,0.2209933351396421,0.1948121135948123,0.1694168630093704,0.2093211045914191,0.1573478739455515,0.121293602283623,0.2178333298735643,0.1648436509218684,0.1241094664932829,0.2539218053429142,0.3012848970610834,0.3444427278594525,0.081333597720155,0.0818141000103733,0.1125112985774502,0.0984659296281639,0.168527937357286,0.0756314360067527,0.0779911029476804,0.0356361085490359,0.031860112781989,0.1007068559086063,0.0852482517191788,0.061418895728109,0.0881636592953666,0.1312289482137845,0.1264736128913223,0.0847979115851888,0.0836443508181669,0.1626070771630117,0.197716351058844,0.2275018426613712,0.2591561888708819,0
36,0.1394530239640409,0.1833509525958491,0.2047102310495833,0.2191654035229125,0.1990105129714817,0.1716456513600439,0.2261551288185673,0.189142778238475,0.1547490228218913,0.2314862485152875,0.1969329692235376,0.1605798664752948,0.2351981290585301,0.2810141701333128,0.3226881110398473,0.0723749042227822,0.0662766338789784,0.0847433425738606,0.0857778335841056,0.1581361948223454,0.0582651599450129,0.0295100121992586,0.007881044487121,0.0453132758984519,0.0596921171056986,0.036807738799677,0.0365294150557344,0.0714234918416598,0.0752554632309223,0.0550715939381581,0.0334007144486742,0.0601749304924502,0.0969991557685596,0.1144504448461747,0.1430937532603328,0.1753770086382997,0
37,0.1353367170742552,0.1895611453513461,0.2231005513068167,0.2350715664584246,0.2002943363176387,0.1700876143112314,0.2371199971295274,0.1925266185104366,0.1607300596277843,0.2315282564496543,0.1832862407785763,0.1501929409710749,0.2733408361637188,0.3263567634271191,0.3750633021000928,0.0973608043591261,0.0848842937888711,0.1077525590189095,0.1158696336112342,0.1826439234560544,0.0615744807852308,0.0366840949790195,0.0256503691584176,0.069638824972071,0.0762826219187701,0.0519797331084871,0.0444743550109379,0.0834209343881624,0.1041824315412003,0.0827885163025035,0.0608910612169474,0.0871564033075069,0.1348082634046989,0.166589840228041,0.2006037057127995,0.2369811254480929,0
296,0.0893163934460803,0.114315176332504,0.1323414837656611,0.1713670514172248,0.1666174629976781,0.1511558614965611,0.1777666631290524,0.1676880925996571,0.1494563191169099,0.1709530465269228,0.1608490394140622,0.1409728728179272,0.154478968437175,0.1494100633487985,0.1323245669916681,0.0487211744573628,0.0633589480022115,0.0709432158842023,0.0728163393002008,0.0639092949115409,0.0734043485466417,0.0805573216271345,0.0544292192256783,0.0282748365154801,0.0790412425399257,0.0854001936651612,0.0533905292705803,0.028127155069019,0.0835787543886809,0.0849121239716032,0.0515782904671174,0.0259463908574481,0.0837346758881563,0.0740589630587626,0.0489945145242794,0.0291902669234492,0
298,0.1344104660388509,0.1672276191977781,0.1892040235882189,0.231277427840113,0.237543503496095,0.2235431119033376,0.2299089620861819,0.2316108942219468,0.2148405418344699,0.2156690232420009,0.2170186581015397,0.1984138616416399,0.1940701517227978,0.196365784080626,0.1809635458810302,0.0651908571399292,0.0824660055406973,0.088846930818481,0.0848750255390246,0.0728027259587752,0.0844117804019519,0.0946211796805792,0.0754605241645125,0.0492653166583845,0.0985303511858889,0.1036182398148984,0.0788151866249655,0.0543504823600492,0.116850840608605,0.1137784287596724,0.0856586740691216,0.0603667098397043,0.1353479868797801,0.1217463233858632,0.0990657012958977,0.081959048538223,0
429,0.1461043732478795,0.2025972851525243,0.246704324095118,0.3190299058852603,0.3754708981928856,0.4260672298992053,0.3412894758464381,0.4083264717336469,0.4636425931558003,0.310193289991064,0.3676283022847179,0.4175167696945034,0.2319618828148543,0.1960883205766942,0.1584730786776461,0.1381807484918344,0.2001766971564366,0.2369638298882678,0.2078619275105241,0.0601778090525718,0.1101804447632275,0.14270871492799,0.1807533653926663,0.2201231467677518,0.0704966625793727,0.1223397887299266,0.1792715621320383,0.2307915951737103,0.0466930117128847,0.0684268828416072,0.1243091815741147,0.1740968401491317,0.0676170874666997,0.0226309085915161,0.0592740834682218,0.0992328991065123,0
176,0.163114503215644,0.2263000708098064,0.2813419583228016,0.2477374084039858,0.2834272007847708,0.3092410428692786,0.2019473840645829,0.1478595654666449,0.1259454364078026,0.171876253921469,0.1135907766606389,0.0972030839285128,0.1525883392445038,0.1105853914215871,0.0970769022158405,0.1193203333677898,0.1326461662088819,0.0611322236179966,0.0571591848955969,0.0484820287169005,0.1372970892384097,0.1177422860277742,0.1033778609174949,0.0926674216204204,0.1683296399614213,0.1101297391353195,0.1419243229587785,0.1663284462095584,0.2046816710904726,0.1524446467810043,0.185820529156729,0.2069950197088117,0.2482531268543886,0.197267917546305,0.212431217958279,0.2335854140312088,0
50,0.1464781715244806,0.2125476856513065,0.2634753833574888,0.3215832808166526,0.3837614627825775,0.4378680377167427,0.2315993666590921,0.1682786793903131,0.1497585573702423,0.2144493703161466,0.1485105886822202,0.1323994148252654,0.2161119361368757,0.1603978199246964,0.1363822142852498,0.1192559148596483,0.2197485002269111,0.0976946310143202,0.0748067002079138,0.0546100445304141,0.1855994280143298,0.2382040952523641,0.2859582257390333,0.3319864867222015,0.2167873772429928,0.1955235594591204,0.1724547471144086,0.1811559588434461,0.2436591984251191,0.2227494131899426,0.2064423693133503,0.2164476296040925,0.2729908355261051,0.2643019761000241,0.2418871993930837,0.2437492111242366,0
51,0.1656126250318855,0.2449629901097415,0.2991199421062612,0.2764336709052736,0.2161418498528729,0.1879475152963803,0.2657724084739161,0.178312504342598,0.1627252871069824,0.2434577625605394,0.1633969472406788,0.1445678110453224,0.2231452458981835,0.1671760864364523,0.1476355492316433,0.1339982909736895,0.072217500114923,0.0673052344813988,0.0569260063860178,0.0388974950125679,0.1471392554812415,0.137878952032276,0.1262500463418749,0.1350177637067305,0.1836862532536941,0.1779560550866188,0.1719504095694438,0.1773092870092769,0.2180369737034727,0.2137153993121589,0.2107528996147807,0.2162708231097137,0.2529901794791019,0.2492359895734857,0.2432358064044379,0.2451482391531242,0
182,0.1570600337203107,0.2086205741407354,0.2570697963120847,0.245306503523448,0.2801677188195623,0.2973366931990275,0.1992862685877093,0.1646044144266115,0.1395329634514427,0.1636689199305062,0.1242060830271282,0.1015188474959842,0.1337200222670045,0.1084166262780371,0.089730939252488,0.1015537344552252,0.1284331224674924,0.0764868538510733,0.07444701282851,0.0639785469656991,0.1309203086481082,0.1273647763354856,0.1109713576277601,0.0927397675537223,0.1608362169393219,0.0818124146313385,0.0990028286433835,0.1248134250078309,0.18544657547163,0.1099740890915814,0.1378359569135088,0.1602800431847534,0.2071473342441218,0.14565664659607,0.1601928216893688,0.1775739372763411,0
54,0.1570549231843581,0.235458314362725,0.3000152978265705,0.3485138329063794,0.4169116830512654,0.4763581233562911,0.2577348160838962,0.1756515449555209,0.1605670059013048,0.2460866197333651,0.1657710256374982,0.1489332127827925,0.2425333853204454,0.176927970418831,0.1526534283101531,0.1432417141465219,0.2382419229245855,0.1101415081924866,0.0956785930449411,0.0759392811690709,0.2074381588161054,0.2634293890705673,0.3179442966289913,0.3717111980110202,0.2450707163589634,0.2485763311702364,0.2163756302143782,0.2082707766267473,0.2782154068427829,0.281383319971426,0.2547510477839995,0.2466017843345341,0.3099288025798832,0.3203951207972197,0.2960996747272706,0.285421592142709,0
438,0.1619285812060532,0.2165286558864874,0.2579327997926195,0.3802676344865392,0.4526184513014771,0.5141091046977303,0.395650074992543,0.484725082007286,0.5592786598195632,0.3542742183409418,0.4390659665215006,0.5137697903528299,0.2723629206262715,0.3274527911971694,0.3802347229692087,0.1244374618514736,0.2517086934761573,0.2953002172079037,0.2747557145846019,0.181771198684227,0.0449516323468712,0.1309222594482484,0.1999885643927675,0.2605810756223443,0.0428980727668438,0.1464146611003289,0.2323126842408595,0.3058412423884974,0.0624005149843362,0.1234730709206288,0.1990912061670233,0.2695617215416612,0.1112982173737857,0.1204412793919796,0.1510274724600291,0.1887480690390361,0
313,0.1142352194096129,0.1670148766453683,0.1996427224758523,0.2838990140505308,0.3413806919447401,0.3900221491267027,0.2319773629059156,0.1720065699696187,0.1552432044639563,0.213731739343094,0.1543566514882335,0.1349229275527783,0.1984739617203819,0.1563269036532391,0.1332958717129332,0.1110283951142514,0.200073123992832,0.043165880683498,0.0428665814088855,0.0330772103570326,0.0872988859595611,0.1197286626982277,0.1657270703467929,0.2097348156357916,0.0676880602708576,0.0579013261167004,0.0443040589413969,0.0587694866359058,0.0578732260701288,0.0363033104933481,0.0520507297786508,0.0755672087458441,0.0642587082016133,0.0472965531213147,0.0608625706860973,0.0820230018827024,0
314,0.087424889292812,0.1215896627541078,0.1432212607659239,0.2446195469023818,0.2939392695797042,0.3376215329587481,0.2051716334884309,0.1551551710028003,0.1343768757874553,0.2030127738982231,0.1512383059669912,0.123788775639096,0.184908343808586,0.1501994457188797,0.1208744042014957,0.0935802893135124,0.1769527319499256,0.0458425058439543,0.0368178832618553,0.0254951577832772,0.0742505739988125,0.1271656828737375,0.1696339155940827,0.2101910922035287,0.0456561357272584,0.0690433773661427,0.0271541749515811,0.0313930875057727,0.0246838000763706,0.060643284446215,0.0085706378559415,0.0222835810125678,0.0224989405317955,0.0489248952026251,0.0218147729951087,0.0258177918252221,0
58,0.1702877336745517,0.2490815454385494,0.3178553579332123,0.3658423934373221,0.4393701509089324,0.5019773270241773,0.2545485788824494,0.1815779888606832,0.1659704825577883,0.2340085565808837,0.1620249674829116,0.1468260745718928,0.2307757612889761,0.1701689349904209,0.1487239185179217,0.1489588944701826,0.2448768879889888,0.132840500111794,0.1136443788933593,0.0872291811801419,0.2340592018332935,0.2895543361123622,0.3458470410631822,0.4008448528444727,0.2764106389365721,0.2452145166139658,0.2154717485086552,0.2204569146136615,0.3075492627684883,0.2783775691787726,0.256907758071341,0.2621669621584421,0.3369707980662991,0.3234162487369823,0.3005206832866533,0.3000398644816492,0
320,0.167840101906938,0.2320620980386024,0.2629143760919652,0.3945556114762189,0.4751829879881608,0.5364952693785845,0.3243547078733687,0.2718111619585795,0.2363152362430008,0.2783547061049388,0.2145862138104995,0.1756579489968296,0.2385767579883548,0.1883483919586034,0.1516594587260935,0.127869101401283,0.2733581332400825,0.068962470347435,0.0618436157630405,0.0516138971239792,0.1019112667362492,0.1658743222774519,0.233635739675469,0.2901985015024982,0.076630077113077,0.0766512825067816,0.0274046963527395,0.0455475212837425,0.0695165283260655,0.038415038472987,0.050282702208447,0.0883855972315326,0.0931882403029926,0.0646737608621496,0.0862712769050353,0.1159751079924742,0
195,0.1164310933996033,0.1639203610162481,0.2106777438328151,0.2392121455127399,0.261318893192172,0.2690695219027764,0.2577282847182579,0.2746629758094991,0.2777159555636252,0.2546559666359181,0.2725252932920372,0.2755010383691287,0.2297389533823168,0.2567706060888221,0.2706457468818173,0.0976160814624331,0.127633301738555,0.1361005198452921,0.1360512484575036,0.1224610020749197,0.1560595638528061,0.1508020694414108,0.1296280062471508,0.1097746897081165,0.1634079988407818,0.169178493954306,0.1447092698059542,0.1181754672284591,0.1659010989593054,0.1750757055045567,0.1497101039931216,0.1215476355370953,0.1630793186938139,0.1646418718416763,0.1557298975390796,0.1428582586964102,0
451,0.1959307815816984,0.2899412948717269,0.3680973638217199,0.4146480719371054,0.4911318584378423,0.5564664668650634,0.4342212522785155,0.5231686851620045,0.5993788869697078,0.4081453487560151,0.4924482342481258,0.5642371326878359,0.3492300207449632,0.4136878600935821,0.4742319041202388,0.1755498680631885,0.2646030493032658,0.3001083367745306,0.2805214192837649,0.2166906914811507,0.1257624505208542,0.1180836943652003,0.1692371599879422,0.2253828021749892,0.1706604219525875,0.1923474181331479,0.2490746937083825,0.3100669454334699,0.2164571725197193,0.2258287589940839,0.2620322834417165,0.3066682396929668,0.2661892816015205,0.2653090158694119,0.2819343862683671,0.3072069476572558,0
324,0.1272842250514441,0.1902768153943452,0.2389984139958178,0.3235584869488088,0.3889395711734429,0.4425309471393041,0.3414418407391404,0.4127701853413115,0.4735768773457169,0.2633730848294333,0.2090418968339226,0.1657928803691915,0.2384698252669288,0.1996673303794598,0.1562253680219679,0.1355555019271288,0.2245544978159087,0.2479911255552511,0.0775691704346803,0.0427137365993497,0.1100071920624389,0.1561224373909742,0.2076874762524673,0.2550916472901549,0.0851335632199705,0.1419497774660742,0.2031923598811794,0.2608680154251093,0.0715428768183624,0.0433811572191114,0.0304949668058724,0.0733809210895564,0.0769929663119537,0.0472656288239799,0.0574012921732621,0.0908357173537232,0
72,0.1379903419484604,0.1828377276366737,0.2130681951109322,0.2568164911788655,0.2510407655532001,0.2399651036919374,0.2681091262338555,0.2540124293155129,0.2358697058994511,0.2564992987754752,0.2476802079758688,0.2325143388744824,0.2281642668201268,0.2354737003978233,0.23141977450277,0.0806483792911741,0.1458830229002038,0.1569134104003318,0.1488954584775083,0.1193693994843218,0.1549885266211576,0.126190990838576,0.0797088585012199,0.0388819644681817,0.158465145206385,0.1215726850339733,0.0708355960315464,0.036221185212501,0.1507517565801293,0.1165829533148527,0.0678681741766024,0.0301148824863434,0.1311113519866378,0.0980484816078268,0.0683039312073895,0.0402200444710961,0
464,0.2949535226184666,0.4050782649088015,0.4791894669842251,0.3517610924120214,0.2781896036343418,0.2617020702915297,0.2821555214367638,0.1991386629213874,0.2104382689651082,0.2342649023284568,0.1546141835367675,0.1631062411940919,0.2051498329755929,0.1415668474020353,0.1371090703696726,0.1871022720513716,0.117462408825039,0.1320698322417155,0.1236973530326887,0.1059905450376826,0.2021368487763957,0.2012508485296907,0.2263116243160209,0.2447916905641959,0.2854810312962824,0.2958059081845907,0.3091026346463723,0.2994154990111257,0.3666409188770238,0.3809350857390455,0.3775692850943526,0.3624249185555682,0.4448572875563307,0.4553972825572916,0.4458461046023318,0.4328455605856354,0
341,0.1285674942221936,0.1695716892874844,0.2096174500043648,0.340797441558587,0.4103824559059502,0.4688080678716897,0.3744432487647738,0.4566469289198211,0.5258358370987406,0.3555849366869795,0.4371842293586872,0.5043297094233028,0.3137098765751067,0.3716582976170114,0.4183910126066213,0.1304288948575725,0.2347653750450727,0.2757949780702079,0.2596343315969221,0.1924441283461233,0.0934404581470577,0.1700955278458891,0.2316813530503066,0.2861647507716784,0.07579605699697,0.1839097419499732,0.2613212436966837,0.328513270989692,0.0620809315789035,0.1582522179017791,0.2359293067902399,0.301717641749604,0.0666033671906284,0.135686268527585,0.1907108745003581,0.2359153998268666,0
344,0.1557299498093682,0.1982707938344464,0.223480625220532,0.3748608480621738,0.4452143746551965,0.5027671974883915,0.385516650740432,0.4614282067678611,0.5232119254134264,0.344706098940713,0.4133620763414732,0.4719682037886225,0.2774537218248898,0.3209666756277463,0.3573566456899767,0.1186452232115098,0.2389154093249137,0.258801202080854,0.2286425212961064,0.150231591344183,0.1142237170603438,0.1933408521325234,0.2542476390008573,0.3068131386102319,0.083176447396911,0.1812908871333996,0.2514534406835477,0.3108425691502686,0.0486802416304243,0.1300902016352101,0.194484957682953,0.2518247559834619,0.0450785199655448,0.0782804076973741,0.1194054843529397,0.1554032449486328,0
474,0.1600647053746187,0.2339270664334474,0.2900913832429427,0.320535363632857,0.3818050619384006,0.4307044701758467,0.2082216884555673,0.1485942273423101,0.1076151690904428,0.1787088743902866,0.11925396743987,0.0744985719321291,0.1803939467032912,0.1338254315609876,0.0963294737634009,0.1300284952813931,0.2049274288386068,0.1685283736922442,0.1650307910691289,0.1142242335711194,0.1243873044950595,0.1474577165457928,0.1932610194579932,0.2363148924470696,0.1634691593598193,0.1526697681983938,0.1784504705498921,0.2105096543576761,0.2004983852946348,0.1937093054956447,0.2134679021429027,0.2363831779685923,0.23896709263692,0.2270742922575805,0.2305319924483991,0.2392829730875678,0
222,0.0831589481207257,0.1192304097493832,0.1507306055472214,0.1998827196212039,0.2439338982300475,0.2800266096729348,0.1486827104339318,0.110496049383753,0.0878216062288075,0.1423967501021052,0.1002121867981886,0.0716523961375665,0.1408249214026164,0.1071938350281669,0.0831003865409771,0.0690835880131325,0.1514898610899968,0.0872178276050495,0.072877650096337,0.0463526618210502,0.1320333541255254,0.180998473021168,0.2199701113492056,0.2535336839940822,0.1536154017906326,0.1516041952419531,0.1212005634591282,0.1092337591503444,0.1698456582089399,0.1662411937335935,0.1395105872271028,0.1277392733238975,0.1838517631758133,0.1855530727058281,0.1646143513248157,0.1525420149060936,0
95,0.2428099299083768,0.3317787720078393,0.4019808379159916,0.3797672900827769,0.432592661408177,0.474499758496149,0.3148488352714785,0.2484642540041785,0.2058682843445803,0.2713789964502772,0.1990085043444767,0.1669872759854764,0.2247032785799951,0.1727839383464105,0.1504704544340278,0.1606974054423033,0.1858058007845577,0.1174374040807596,0.101119865795497,0.0790603909908019,0.1782749978272244,0.1739965379142559,0.179490831420533,0.1892670977951831,0.2157030413897263,0.1228185494452666,0.1643702590637561,0.2087804045432048,0.2513227604623163,0.1670491284419673,0.217284576728593,0.2533369269417416,0.2904531081550606,0.2239925695494882,0.2581283521857004,0.2885634715550188,0
224,0.0981142430282631,0.1345182152757982,0.1594606906840414,0.1949481480354423,0.1900643751371953,0.1701089823329453,0.2056581604309867,0.1978057566015567,0.1771899540327591,0.2042387015950412,0.1947750052873808,0.1725881427400029,0.1865426920720183,0.1819990627228061,0.1630330339257825,0.0653853460875018,0.0613971637852866,0.0717692529800857,0.077009645341044,0.0727297564027716,0.083082417492605,0.0905264231932126,0.0621987879245626,0.0330484182560285,0.0904608411038184,0.1028976954685855,0.0693825976469594,0.0373210449545308,0.0972217347225544,0.1064328016480707,0.0697320571552345,0.0355278926114688,0.0989352679043611,0.0933687625007942,0.0644948372540976,0.0362450477136594,0
225,0.096109799751773,0.1346861254629787,0.1485164922847296,0.1934383787367865,0.1769388508906927,0.1540554833108747,0.2038116938132472,0.1843371099901622,0.1573327244412382,0.2036722496910816,0.1846084645713809,0.1563209943736928,0.1844669159685498,0.1761969050403623,0.1561678312750457,0.0635628921814611,0.0579849512862448,0.0592149055384917,0.0577715550346572,0.0563465532521977,0.0585820046164608,0.0727437126173915,0.0375799883608708,0.0069575870904481,0.0664751064722947,0.0882602312795816,0.0492697541766628,0.014292277392385,0.0765299968760488,0.097717536701217,0.0590707842312832,0.0242922234937393,0.0887465381521808,0.0911849005762176,0.0649232057254121,0.0394868126934908,0
97,0.223948342539901,0.3028932826643483,0.3761905198898213,0.3415598166074864,0.38808211506293,0.4300139287125314,0.3387933883936943,0.3928523540111536,0.4377226249583262,0.3234161768650976,0.3812932510149698,0.4263471491241107,0.2922322325146856,0.3438869042127979,0.3875898547662639,0.153926429755593,0.172629326879097,0.1993549738789909,0.208678575266058,0.1898054724583649,0.1918125416433076,0.1756758765800002,0.1652787878990941,0.1620635370932822,0.21085769989539,0.193106076236152,0.1770118878776315,0.1685746710028028,0.2364851975842437,0.2151517100579023,0.1944436008803199,0.1807460278103445,0.2656356219199359,0.2349732625604024,0.2113149903477415,0.1954473378411365,0
483,0.1270771930576532,0.18401775953653,0.2338706750085803,0.2610115419591622,0.3100041469702211,0.352259848412758,0.2688065448183761,0.3234276362374879,0.3742625423137153,0.1767303643092887,0.1304448671395832,0.1010950643045841,0.1620985900608754,0.1155752206280955,0.0850464549743051,0.1077424415307438,0.1716156539125731,0.1858838257849704,0.131779335441082,0.1131795845056183,0.1588321124457119,0.1743401952773213,0.1978183023941698,0.2278082006551773,0.200212367706539,0.2392277084898238,0.2778722248584179,0.3220498024857708,0.2302966005717559,0.2166958671391691,0.1901748119144231,0.1794001091179362,0.2538136312114823,0.2418584354560199,0.2176019016492586,0.2051977621010086,0
227,0.0974456943331626,0.1322867649059319,0.1530386671750035,0.1817455235619694,0.1777179093422186,0.1590706584648464,0.1902633267769662,0.1801441473585837,0.1568643719008589,0.1930609768281353,0.1819130544041084,0.1564735021689399,0.1815632131763613,0.1769677070518794,0.1568006806216402,0.0604705891046995,0.0621966854319009,0.070872059675143,0.0724802531590082,0.0648590449526132,0.0698643090538877,0.0692539313193658,0.0429781603171709,0.0137606264050669,0.0754597263577961,0.0765433894339973,0.0435885820196929,0.0107911753757467,0.081512247991106,0.0832584058071387,0.0496810978899609,0.0177880661936804,0.0847225501562231,0.078005120273227,0.0534226493597757,0.0274755449722802,0
485,0.1250031685939353,0.1880447959570223,0.2400013663884947,0.2835794391077179,0.339410758351953,0.3870879241821263,0.287030673634463,0.3507622936044257,0.403711490762007,0.2024558247532612,0.1550823699330114,0.1163459001927322,0.1651039565181943,0.1271620471936865,0.0953307376635198,0.1158936111492157,0.1933765756458558,0.2145838004183284,0.0904534603085536,0.0688471294404404,0.1217278010261027,0.1341483459695238,0.1682362487954495,0.2068498485237911,0.153304068551674,0.1935289085751398,0.2401329720179677,0.2858286300795233,0.1776744528047459,0.1907210311771868,0.1812524114482895,0.1806999452139722,0.2017274537433079,0.2099136233298446,0.2038775588788212,0.2006432786084631,0
359,0.1652367355233277,0.2416378585014319,0.3069191083579067,0.3485096152682133,0.4068322473707581,0.4563917329680638,0.3609553890532231,0.4272252775893154,0.4818292227676931,0.3371940979023726,0.3949575093148451,0.4447552278583636,0.2901131157327669,0.3352182038806793,0.376278290553989,0.147303476641896,0.2059902736230339,0.2273189829835387,0.2028588083552046,0.1561666241162782,0.1054587929813491,0.1131010882609104,0.1516560987215508,0.1943126453105964,0.1420754308052836,0.1648721810069191,0.2071471959658768,0.2501045182918078,0.1780724032082729,0.1933661033424267,0.2222730577646792,0.254736154056171,0.2178408380392766,0.2363281647250369,0.2606067718201192,0.2868912261681151,0
488,0.147430742465318,0.2124225642201081,0.2663701427988642,0.1898792749905432,0.14023587329117,0.1054957394543469,0.1682516968416345,0.1233631462324715,0.0942852668747979,0.172134092262376,0.127297444462275,0.0890315917393971,0.2314298882733318,0.2756253653717718,0.3111355191091599,0.1191940777345141,0.1419429746174217,0.1422203206671922,0.118236349663484,0.1391446869686706,0.1339377285106552,0.1496669919903235,0.1713897115952186,0.1931291716776703,0.1680534158898237,0.1874686937484745,0.1982936572137895,0.210706501828205,0.1997568437514996,0.2170169372489455,0.2185456843138626,0.2227811440956611,0.2323483042154288,0.2395250204600087,0.2581772389877937,0.2783026430533662,0
108,0.1531648357298637,0.202009163136952,0.239692065569343,0.2826167981538603,0.3356212954282603,0.3823828759516891,0.2560631725469385,0.2966391717525984,0.3357751258083016,0.1941224717342164,0.1514883612321428,0.1221805621591895,0.1560002556546846,0.1258943876162706,0.1033806142671994,0.091770368182428,0.175766757105457,0.1879500964322836,0.0875832455331402,0.0671867516467036,0.0589659536552758,0.065203252167142,0.1103403320155665,0.1544993059780586,0.0763805437839774,0.0174010616792328,0.0692478857650477,0.1121940190649146,0.0991795775776855,0.0590233846899362,0.1029002108690975,0.1256976384908056,0.1250735655720585,0.0974565591921794,0.1277366150185134,0.1445533649107285,0
493,0.1594969248336934,0.2225634423257205,0.2749110892444469,0.2360129455883445,0.1849729564500248,0.1500041183821739,0.2095126763132933,0.1518828024019652,0.1176238980701,0.2023613589541354,0.1412288074982138,0.0991057627887182,0.2677023267665804,0.3146658291033163,0.3583096376837272,0.1164002638628385,0.1378935137993787,0.1544865752842187,0.1486529466069152,0.1630129971081299,0.1907549137095081,0.1556397740627496,0.1382194752135784,0.1507144641578051,0.2295066804852237,0.1885884295762454,0.175707614954066,0.1855810419266158,0.2581224405028016,0.224423742314072,0.2044407733277657,0.2086454993007556,0.2843683516613465,0.3069294380718645,0.3316233642456885,0.3587251178799939,0
370,0.155902393427902,0.223465815774442,0.2787788522340197,0.1745613122017905,0.1437066391925253,0.1411029519753649,0.1324451951641873,0.1022479634393952,0.1041127408146742,0.1080051674230848,0.077890603309157,0.0812832473250404,0.1085006139746036,0.0817797688661365,0.0795170764707458,0.1249474049468235,0.086721549265304,0.0991176476111539,0.0881539954046652,0.0708435752307085,0.1081237353802015,0.1156348523631672,0.145371623382374,0.1526221454082993,0.1485807538280976,0.1693587339760198,0.1905567060468617,0.1897640316701492,0.1916151614087342,0.2165772596053579,0.2287562699994315,0.2210063683563902,0.2342570948402618,0.2513193171509379,0.2545767838330163,0.2446208524084915,0
379,0.1341173291583345,0.1953488917844822,0.2437018584591979,0.2453798939626292,0.2828027319873707,0.3156912532540275,0.1797419731033144,0.1363647241965813,0.1167118275679899,0.1633150916878908,0.120001088946212,0.098908128572129,0.1462598334572455,0.1169777450231966,0.096080201293574,0.1101437404670773,0.1421810777029422,0.0580831302870859,0.0462353021883633,0.0270611590782565,0.0977607242222066,0.0976744303090281,0.1180578359873205,0.1423411036695716,0.1259429527637284,0.1245644048199988,0.1362855252497693,0.1425522618644742,0.1553343780035284,0.1537093186500416,0.1607444009700007,0.1628700443800262,0.184916939868677,0.1840642702269613,0.1823607925716139,0.1808293366387445,0
